60.51007158300574673, 46.78625751771467378, 33.02672204532404976, 19.26243093125968286, 5.504995204494861127, -8.257242071207693712, -22.01315496337851485, -35.78384443892249323, -49.52176109877345311, -63.30430692937059689, -77.15069923777758731, -90.20287219319919814, -107.2376818886023102, -104.2391308540558299, -87.3494305115305707, -74.48429398401840729, -60.51007158300566857, -46.78625751771472352, -33.02672204532411371, -19.2624309312597326, -5.504995204494867345, 8.257242071207720358, 22.01315496337849353, 35.7838444389224648, 49.52176109877338206, 
55.93675731166678844, 43.2501807356075858, 30.53058255459098191, 17.80658816039520076, 5.08893102751180848, -7.633164756171757048, -20.34941414937014059, -33.07932332079082016, -45.7789366259221282, -58.51980605631889176, -71.31969648670823858, -83.38539417797269948, -99.13272335564643356, -96.36080097779918674, -80.74761387669606449, -68.85481651429768135, -55.93675731166671028, -43.25018073560764265, -30.53058255459104586, -17.80658816039524694, -5.088931027511815586, 7.633164756171781917, 20.34941414937011572, 33.07932332079079885, 45.77893662592207136, 
51.36851889564542972, 39.71802859394131957, 28.03721349295064869, 16.35236120835088158, 4.67332863413686006, -7.009780095515157683, -18.68751989721097573, -30.37780391150412385, -42.04026625978121956, -53.74061543153741383, -65.49516548119694903, -76.57548278292216537, -91.03676039885866089, -88.49121514584471981, -74.15312450259276034, -63.23158712014203076, -51.36851889564536577, -39.71802859394138352, -28.03721349295070553, -16.35236120835092422, -4.673328634136865389, 7.009780095515179887, 18.68751989721095441, 30.37780391150409898, 42.04026625978116272, 
46.7990473166125085, 36.18492297328040053, 25.5431713643157785, 14.89774169822959315, 4.257614051893387597, -6.38622715666562879, -17.02517702868500393, -27.6755552465378365, -38.30058666654047528, -48.96013469871711976, -59.66906218555070751, -69.76373310140759543, -82.93861199526362782, -80.61950497595498177, -67.55685499364628299, -57.60683977576948678, -46.79904731661245165, -36.18492297328045737, -25.54317136431582824, -14.89774169822963046, -4.257614051893392926, 6.386227156665650107, 17.02517702868498617, 27.67555524653781873, 38.30058666654041843, 
42.22978471322900162, 32.65197893214322278, 23.04924329571266028, 13.44318871222416867, 3.841918481525420592, -5.762702734763426982, -15.3629101840875002, -24.97343016351311107, -34.56107810007121373, -44.17987259162811142, -53.84322533509366338, -62.95229494164966155, -74.84083394429954694, -72.74815480299619708, -60.96088715190143859, -51.98234966797419787, -42.22978471322894478, -32.65197893214326541, -23.04924329571271002, -13.4431887122242042, -3.841918481525424589, 5.762702734763444745, 15.36291018408748421, 24.9734301635130862, 34.56107810007115688, 
37.66049697351392922, 29.11901545564840887, 20.55530150756479557, 11.98862772446238267, 3.4262206243417066, -5.139174882741760264, -13.70063419506251456, -22.27129021561456312, -30.821548961895882, -39.3995841874614996, -48.01735643566522782, -56.14081931095106626, -66.74301134600877106, -64.87676132833105669, -54.36488302455671828, -46.35782861885197548, -37.66049697351385106, -29.11901545564844795, -20.5553015075648382, -11.98862772446241287, -3.426220624341711485, 5.139174882741778028, 13.70063419506250391, 22.27129021561454536, 30.82154896189584292, 
33.09127220753325815, 25.58610067030992496, 18.06139409081937686, 10.53408678339989102, 3.010528496288645606, -4.515655624155130887, -12.03838111545637624, -19.56918750849689204, -27.08207136175629159, -34.61936166503173951, -42.1915678281206965, -49.32943755572755151, -58.64530035157371657, -57.00547633688480431, -47.76896980306773344, -40.73338508664593149, -33.09127220753320842, -25.58610067030996049, -18.06139409081941594, -10.53408678339991944, -3.010528496288649603, 4.51565562415514421, 12.03838111545636202, 19.56918750849687783, 27.08207136175625251, 
28.52169836586571705, 22.05291598039932666, 15.56729614668931738, 9.079434719574990709, 2.594804610547452484, -3.892088730482766934, -10.3760010444752826, -16.86687836847062272, -23.34230807623708159, -29.8387739472907576, -36.36533414701030864, -42.51753543044422656, -50.54697071520872242, -49.13359000180683012, -41.17255267269786145, -35.10851186306118166, -28.52169836586568152, -22.05291598039936218, -15.56729614668934936, -9.079434719575013801, -2.594804610547455592, 3.892088730482778924, 10.37600104447527016, 16.86687836847060495, 23.34230807623704962, 
23.95343128629916052, 18.52074167614142652, 13.0739114403320702, 7.625198642941232841, 2.179199609463160492, -3.268700158380926979, -8.714096364712151654, -14.16534200842157709, -19.60361425169990213, -25.05955333533828977, -30.54076659530933213, -35.70758130640595596, -42.45095696006525543, -41.26395479190647819, -34.57802192127861929, -29.48524718578866555, -23.95343128629912854, -18.52074167614145495, -13.07391144033209329, -7.625198642941253269, -2.179199609463164933, 3.268700158380936305, 8.714096364712144549, 14.16534200842156821, 19.60361425169987015, 
19.38267894825889215, 14.98664577536401765, 10.57917026655254311, 6.170171423305261804, 1.763368508233525311, -2.644972446359233675, -7.051287564717883427, -11.46233594092901065, -15.86288647854583012, -20.27773270059452315, -24.71303032435189095, -28.89392238667653601, -34.35053875867596673, -33.39003829169408988, -27.97990357019746455, -23.8589233033633441, -19.38267894825886373, -14.98664577536403719, -10.57917026655256088, -6.170171423305277791, -1.76336850823352842, 2.644972446359241669, 7.051287564717876322, 11.46233594092899999, 15.86288647854581235, 
14.80078738320856857, 11.44393704816273072, 8.078349242846604383, 4.711598205700766151, 1.346523998993158777, -2.019724668479049967, -5.384426389244132416, -8.752742468132334253, -12.11304230337164078, -15.48425845138372736, -18.8710914730584669, -22.06365812763693768, -26.23037930014818997, -25.49693253403187043, -21.36570516648685469, -18.21888769596950297, -14.80078738320854725, -11.44393704816274493, -8.078349242846620371, -4.711598205700778585, -1.34652399899316122, 2.01972466847905574, 5.384426389244129751, 8.752742468132328924, 12.1130423033716248, 
10.36353765530769167, 8.01306507910221022, 5.656474510670121525, 3.299069445241550991, 0.9428384994687991627, -1.414214805820612542, -3.770184936273783816, -6.128685846714454932, -8.48157376909182581, -10.84210531309206438, -13.21357181981224471, -15.449012670705077, -18.3665582480084808, -17.85299751762237364, -14.960304765697364, -12.75689757486878761, -10.36353765530767923, -8.013065079102222654, -5.656474510670132183, -3.299069445241558984, -0.942838499468800384, 1.41421480582061676, 3.770184936273780707, 6.128685846714450491, 8.481573769091815151, 
5.049638417048620376, 3.904369589569840038, 2.756119767607300819, 1.607473081614273047, 0.4593984859553993383, -0.6890768047504812754, -1.837024318026744485, -2.98620495499831673, -4.132650660993459013, -5.282820725086774694, -6.438318854718717787, -7.527538421931568635, -8.94911382606938588, -8.69888112755479348, -7.289415273840489817, -6.215804122004635168, -5.049638417048614158, -3.904369589569845811, -2.756119767607306148, -1.607473081614277044, -0.4593984859553999489, 0.6890768047504836069, 1.837024318026743153, 2.986204954998314953, 4.132650660993454572, 
6.212299310057523449, 4.803336497441883068, 3.390706327196789438, 1.9775879164205592, 0.5651733176987036034, -0.8477342346484371127, -2.259992490730957648, -3.673767792757939521, -5.08417845589106232, -6.499170997038570263, -7.920718371450544026, -9.260726785330684052, -11.00961475966642489, -10.70176689177005436, -8.967776647831625425, -7.646970430241462502, -6.212299310057517232, -4.803336497441890174, -3.390706327196796099, -1.977587916420564307, -0.5651733176987042695, 0.8477342346484397773, 2.259992490730955428, 3.673767792757936856, 5.084178455891056103, 
11.19032390716198577, 8.652334435085339948, 6.107738887269471562, 3.562263863205703984, 1.018056628162575805, -1.527038572907755576, -4.07096418520746095, -6.617622479023827609, -9.158219989678643813, -11.70707091771163988, -14.26772918208273744, -16.68150988407893465, -19.83181252298643216, -19.27728074916922196, -16.15381365380316581, -13.77462220539716142, -11.19032390716197156, -8.652334435085352382, -6.10773888726948222, -3.56226386320571331, -1.018056628162577359, 1.527038572907760239, 4.070964185207456509, 6.617622479023824056, 9.158219989678631379, 
15.73348136312212908, 12.16509403224590713, 8.587418626208622285, 5.008506685530300651, 1.431377243293854074, -2.147000670126804067, -5.723734153656259593, -9.304309759547006564, -12.87636396608333555, -16.46002239333560979, -20.06028181514039233, -23.45403288120337137, -27.88332628402640267, -27.1036602617561968, -22.71209735964801979, -19.36697843160360932, -15.73348136312210777, -12.16509403224592667, -8.587418626208638273, -5.008506685530313973, -1.431377243293856738, 2.147000670126810284, 5.723734153656255152, 9.304309759546999459, 12.87636396608331424, 
20.2940731760185713, 15.6913338367825137, 11.07661413079654622, 6.460299461565591095, 1.846283975394043653, -2.769341870556488061, -7.382846623293466415, -12.00130719671320634, -16.60877631197633519, -21.23121330999375189, -25.87506335643116273, -30.25254542071892772, -35.96573771175486911, -34.96007348883891552, -29.29554846506588461, -24.9807953127637532, -20.29407317601854643, -15.69133383678253502, -11.07661413079656754, -6.460299461565608858, -1.846283975394046761, 2.769341870556495611, 7.382846623293459309, 12.00130719671319746, 16.60877631197631388, 
24.86738744735756512, 19.22741061888962122, 13.57275362152963361, 7.916142232430077641, 2.262348152377099186, -3.393419185592430498, -9.046587437301852219, -14.70582831484488295, -20.35160078482767787, -26.01571418304548899, -31.70606610750051857, -37.07002343594545835, -44.07069624471078839, -42.83840336509562263, -35.89736509990041924, -30.6102727824844969, -24.86738744735753315, -19.22741061888964964, -13.5727536215296567, -7.916142232430100734, -2.262348152377102295, 3.393419185592440712, 9.046587437301843337, 14.7058283148448723, 20.35160078482764945, 
29.43562586337883147, 22.75956276055580929, 16.06612268316992242, 9.370369184474377278, 2.677950545752041833, -4.016803846249020538, -10.70848168946098511, -17.40734772413153308, -24.0902711509685119, -30.79490480782688167, -37.53059711301168733, -43.87993483099590009, -52.16665920149839053, -50.70798919704996166, -42.4918544740035955, -36.23350217664004447, -29.43562586337878884, -22.75956276055583771, -16.06612268316995085, -9.370369184474402147, -2.677950545752045386, 4.016803846249032084, 10.70848168946097623, 17.40734772413152243, 24.09027115096848348, 
34.00509744241186638, 26.2926683812168136, 18.560164811804853, 10.82498869459569413, 3.093665127995521846, -4.640356785098560977, -12.37082455798699243, -20.10959638909788083, -27.82995074420935211, -35.57538554064728942, -43.35670040865809227, -50.69168451251060503, -60.26480760509367229, -58.57969936693989155, -49.08812398295022916, -41.85824952101273055, -34.00509744241180954, -26.29266838121685623, -18.56016481180489208, -10.82498869459572433, -3.093665127995525843, 4.640356785098575187, 12.37082455798697822, 20.10959638909786307, 27.82995074420931303, 
38.57436004579525957, 29.82561242235390964, 21.05409288040790017, 12.27954168060108131, 3.50936069836347686, -5.263881207000745022, -14.03309140258444998, -22.81172147212254586, -31.56945931067850708, -40.35564764773615565, -49.18253725911496588, -57.50312267226835417, -68.3625856560575329, -66.45104953989843466, -55.68409182469490304, -47.48273962880785604, -38.57436004579519562, -29.82561242235394872, -21.0540928804079428, -12.27954168060111151, -3.509360698363481745, 5.263881207000761897, 14.03309140258443577, 22.81172147212252455, 31.56945931067847511, 
43.14364778551042434, 33.35857589884878394, 23.54803466855581107, 13.7341026683628975, 3.925058555547200179, -5.887409059022423286, -15.69536739160946581, -25.51386142002114354, -35.30898844885390986, -45.13593605190285984, -55.00840615854351512, -64.31459830296707025, -76.46040825434846511, -74.32244301456375979, -62.28009595203975834, -53.10726067793018501, -43.1436477855103675, -33.35857589884884078, -23.54803466855585725, -13.73410266836292948, -3.925058555547205064, 5.887409059022441049, 15.69536739160945338, 25.51386142002111157, 35.30898844885385301, 
47.71287255149103856, 36.89149068418722521, 26.04194208530120136, 15.18864360942536962, 4.340750683600256288, -6.51092831760904911, -17.35762047121558638, -28.21596412713877555, -39.04846604899346119, -49.9161585743325702, -60.8341947660879967, -71.12598005819052105, -84.55811924878344144, -82.19372800600990558, -68.87600917352867214, -58.73170421013618636, -47.71287255149097462, -36.89149068418728206, -26.04194208530125465, -15.1886436094254087, -4.340750683600261617, 6.510928317609069538, 17.35762047121556861, 28.21596412713875779, 39.04846604899341145, 
52.28244639315855835, 40.42467537409780931, 28.5360400294312555, 16.64329567325026815, 4.756474569341450298, -7.134495211281410398, -19.02000054219668712, -30.91827326716505198, -42.78822933451265698, -54.69674629207354144, -66.66042844719835614, -77.937882183473846, -92.65644888514836452, -90.06561434108785136, -75.47242630389852991, -64.35657743372090067, -52.2824463931584944, -40.42467537409785905, -28.53604002943131235, -16.64329567325031434, -4.756474569341454739, 7.134495211281434379, 19.0200005421966658, 30.91827326716502, 42.78822933451260013, 
56.8507134727250687, 43.95684967835568102, 31.02942473578848137, 18.09753174988401625, 5.172079570425736073, -7.757883783383245024, -20.68190522195979497, -33.6198096272140603, -46.52692315904980092, -59.47596690402597375, -72.48499599889926515, -84.74783630751204555, -100.7524626402917818, -97.93524955098814644, -82.06695705531771523, -69.97984211099337415, -56.85071347272499764, -43.95684967835573786, -31.02942473578854177, -18.09753174988406244, -5.172079570425744066, 7.757883783383268117, 20.68190522195977366, 33.61980962721403188, 46.52692315904973697, 
-1.825701738658329187, -1.411628667109324109, -0.9964778140713346222, -0.5811834744526004348, -0.1660959746571301354, 0.2491363968268789086, 0.6641779498618637367, 1.079665339982313954, 1.494163913116991704, 1.910009031586923589, 2.327780517395312554, 2.721588923741267596, 3.235560909974136035, 3.145089031590758477, 2.635495265229621964, 2.247330096822299783, 1.825701738658324746, 1.411628667109327218, 0.9964778140713383969, 0.5811834744526001018, 0.1660959746571301354, -0.2491363968268804907, -0.6641779498618646249, -1.079665339982315952, -1.494163913116988152, 
-1.827378602944269792, -1.412925214977334365, -0.997393055604363199, -0.5817172778615842255, -0.166248529919603566, 0.2493652227721694647, 0.6647879817526400892, 1.080656987309498218, 1.495536267675347419, 1.911763330146803996, 2.329918529279980444, 2.724088639423499547, 3.238532696887647333, 3.147977722202978779, 2.637915905902963765, 2.249394216879958552, 1.827378602944272012, 1.412925214977335919, 0.9973930556043626439, 0.5817172778615865569, 0.1662485299196040378, -0.2493652227721700476, -0.6647879817526410884, -1.080656987309498218, -1.495536267675340092, 
-1.827931806242409252, -1.413352950580504253, -0.997694996935523104, -0.5818933814430646834, -0.1662988584256477054, 0.2494407132389268866, 0.6649892333725717641, 1.080984135175070637, 1.495989012166512477, 1.912342079278365192, 2.330623866757793206, 2.7249133042287772, 3.239513099616529779, 3.14893071117613399, 2.638714483590712145, 2.25007517718977379, 1.827931806242402368, 1.413352950580503364, 0.9976949969355245473, 0.5818933814430652385, 0.1662988584256478719, -0.2494407132389281079, -0.6649892333725723192, -1.080984135175066196, -1.495989012166514476, 
-1.827647867904611978, -1.413133410066942819, -0.9975400218658365681, -0.581802994132700424, -0.1662730267062829115, 0.2494019668364351461, 0.6648859385248542253, 1.080816222544264349, 1.495756635536263257, 1.912045029230101445, 2.330261843697361002, 2.724490034962608664, 3.23900989596220823, 3.148441577966185623, 2.638304603855689656, 2.249725666008045355, 1.827647867904616863, 1.413133410066944595, 0.9975400218658401208, 0.5818029941327038657, 0.1662730267062833278, -0.2494019668364356179, -0.6648859385248511167, -1.08081622254426124, -1.495756635536259038, 
-1.827720931143156813, -1.413189902406217335, -0.9975799001738273608, -0.5818262526671738044, -0.1662796737448210271, 0.2494119370914897049, 0.6649125184370872077, 1.080859429955750572, 1.495816430875280378, 1.912121466384395507, 2.330354999758739609, 2.724598950946270026, 3.2391393807261184, 3.14856744211217654, 2.638410074434561547, 2.249815602502855505, 1.827720931143156813, 1.413189902406218001, 0.9975799001738266947, 0.5818262526671752477, 0.1662796737448209716, -0.2494119370914907596, -0.6649125184370882069, -1.080859429955752127, -1.495816430875276826, 
-1.82772930827521729, -1.413196379586752371, -0.9975844724574959299, -0.5818289193955979988, -0.1662804358670702254, 0.2494130802401515745, 0.6649155659810980223, 1.080864383940812079, 1.495823286764252913, 1.912130230355834737, 2.330365680651676374, 2.724611438807438279, 3.239154226919468194, 3.148581873180280599, 2.638422167259709461, 2.249825914253454684, 1.827729308275217068, 1.413196379586752816, 0.9975844724574987055, 0.5818289193955985539, 0.1662804358670704197, -0.2494130802401522962, -0.6649155659810983554, -1.080864383940809859, -1.49582328676424936, 
-1.827660594357986223, -1.41314325013337716, -0.9975469680324308142, -0.5818070453992486568, -0.1662741845146090414, 0.249403703496189566, 0.6648905683225474483, 1.080823748587706135, 1.495767050932686137, 1.912058343365890867, 2.330278070000697088, 2.724509006393582844, 3.239032450147373066, 3.14846350149732146, 2.638322975151984107, 2.24974133151411726, 1.827660594357979118, 1.41314325013337827, 0.9975469680324346999, 0.5818070453992510993, 0.1662741845146094577, -0.2494037034961899268, -0.6648905683225453389, -1.080823748587703026, -1.495767050932685027, 
-1.827750242174645878, -1.413212565632872453, -0.9975958982922313867, -0.5818355833736963412, -0.1662823403602050609, 0.2494159368931101739, 0.6649231815921848865, 1.080876763622092396, 1.49584041917773547, 1.912152130941302985, 2.330392371497281623, 2.72464264514721588, 3.239191326575590946, 3.148617935465860995, 2.638452386430591989, 2.249851682636772487, 1.827750242174641659, 1.413212565632876672, 0.9975958982922318308, 0.5818355833736973404, 0.1662823403602052552, -0.2494159368931107013, -0.6649231815921857747, -1.080876763622093506, -1.49584041917773547, 
-1.82855028508274664, -1.413831157092844792, -0.9980325660081801331, -0.5820902644682011129, -0.1663551254727868578, 0.2495251112468453714, 0.6652142317934608418, 1.081349885041701375, 1.496495178505022006, 1.912989118247480969, 2.331412430938054836, 2.725835275833328186, 3.240609185530822778, 3.149996148632765891, 2.639607289913254551, 2.250836487804040775, 1.828550285082740423, 1.413831157092847457, 0.9980325660081849071, 0.5820902644682028892, 0.1663551254727870521, -0.2495251112468462318, -0.6652142317934595095, -1.081349885041697823, -1.496495178505019341, 
-1.819486138842034473, -1.406822778667538687, -0.9930853063101078293, -0.5792048358718554502, -0.1655305010708885416, 0.2482882122030934391, 0.6619167566692768512, 1.075989620368995814, 1.489077033509422332, 1.903506407672809209, 2.319855590858887151, 2.712323276863542798, 3.224545445962799128, 3.134381579002506246, 2.626522724129637165, 2.239679063665472647, 1.819486138842034917, 1.406822778667539797, 0.9930853063101090505, 0.5792048358718571155, 0.1655305010708888191, -0.248288212203094022, -0.6619167566692770732, -1.075989620368995592, -1.489077033509419667, 
-1.874660270734196832, -1.449483299065073671, -1.023199643814977522, -0.5967686542075693046, -0.1705500510983888052, 0.2558173086193382684, 0.6819887328467624243, 1.108617949852515716, 1.534231833477684548, 1.961228371777106627, 2.390202935424130537, 2.794571818920085438, 3.322326622708128507, 3.229428624950481552, 2.70616944861147779, 2.307595133712273761, 1.874660270734194611, 1.449483299065074338, 1.023199643814979298, 0.596768654207571414, 0.1705500510983889995, -0.2558173086193388235, -0.6819887328467619803, -1.108617949852515494, -1.534231833477682105, 
-1.665580280097635368, -1.287823098906411667, -0.9090826620407892467, -0.5302113229503995218, -0.1515286829905816701, 0.2272861228222152752, 0.6059268457390801776, 0.984974304018004343, 1.363119668577427168, 1.742493480976480491, 2.12362471047341117, 2.482894519915834763, 2.951789075179397592, 2.869251948030968613, 2.40435162497186905, 2.050230118577782701, 1.665580280097631816, 1.287823098906412556, 0.9090826620407904679, 0.530211322950400521, 0.1515286829905818644, -0.2272861228222160246, -0.6059268457390796225, -0.9849743040180036768, -1.363119668577425614, 
-2.101762571521011758, -1.625078310763283573, -1.147153299259771275, -0.6690631048468378417, -0.1912110261072546558, 0.2868078300890172239, 0.764607014547225905, 1.242919450255287828, 1.720093551871438864, 2.198817807341623798, 2.67975971243398936, 3.133115127112235498, 3.724803824450296563, 3.620651868117536587, 3.034003412819809675, 2.587144539186831516, 2.101762571521009537, 1.625078310763284684, 1.147153299259773718, 0.669063104846839618, 0.1912110261072549611, -0.2868078300890179455, -0.7646070145472255719, -1.242919450255286939, -1.720093551871436865, 
2.473410643418784804, 1.912435802547422403, 1.350000812874274647, 0.7873714315168268696, 0.2250222710791014713, -0.3375231575489728852, -0.8998100705757392515, -1.462700991458262489, -2.024252290207986249, -2.587627851647253951, -3.153613202723656972, -3.687134030961273456, -4.383449181595747923, -4.260880362064479066, -3.570496703634161495, -3.044621179383067311, -2.473410643418781252, -1.912435802547424846, -1.350000812874277534, -0.787371431516828757, -0.2250222710791017766, 0.33752315754897394, 0.8998100705757386963, 1.462700991458261601, 2.02425229020798314, 
1.661786948569018652, 1.284890103107447779, 0.907012241320008239, 0.5290037754354517396, 0.1511835789223200943, -0.2267684824382478204, -0.6045468573737982076, -0.9827310413383507637, -1.360015186086923178, -1.738524980905497452, -2.118788190333586119, -2.477239768729616376, -2.94506642440206301, -2.862717274195027972, -2.398875753929284649, -2.045560753406586052, -1.661786948569015543, -1.284890103107449333, -0.9070122413200094602, -0.529003775435453294, -0.1511835789223203719, 0.2267684824382484032, 0.6045468573737979856, 0.9827310413383507637, 1.36001518608692118, 
1.852807628566779163, 1.432586883028201141, 1.0112723543582256, 0.5898122087861157326, 0.1685619739537078943, -0.2528352834530924187, -0.6740388893611086729, -1.095694951623607638, -1.516347516099090909, -1.938366617844353268, -2.362340687383381876, -2.761995901606762338, -3.28359874439186683, -3.191783645085081389, -2.674624024873585526, -2.280695832803452561, -1.852807628566774945, -1.432586883028203362, -1.011272354358228043, -0.5898122087861176199, -0.1685619739537081163, 0.2528352834530933069, 0.6740388893611075627, 1.095694951623606084, 1.516347516099090242, 
1.825701738658314977, 1.41162866710931012, 0.9964778140713282939, 0.5811834744525955498, 0.1660959746571284701, -0.2491363968268775486, -0.6641779498618591848, -1.079665339982304406, -1.494163913116980824, -1.910009031586916928, -2.327780517395298787, -2.721588923741236066, -3.235560909974122268, -3.145089031590741602, -2.635495265229591766, -2.247330096822288237, -1.825701738658316753, -1.411628667109312341, -0.9964778140713280719, -0.5811834744525969931, -0.1660959746571289697, 0.249136396826878187, 0.6641779498618591848, 1.079665339982304628, 1.49416391311697816, 
1.827378602944291552, 1.412925214977352795, 0.9973930556043767437, 0.5817172778615932183, 0.1662485299196063138, -0.2493652227721727122, -0.6647879817526514135, -1.080656987309515316, -1.495536267675365405, -1.911763330146822648, -2.32991852928001153, -2.724088639423537295, -3.238532696887673534, -3.147977722203004536, -2.637915905903005509, -2.249394216879987862, -1.827378602944285557, -1.412925214977353683, -0.9973930556043811846, -0.5817172778615949946, -0.1662485299196065358, 0.2493652227721740999, 0.6647879817526497481, 1.080656987309512429, 1.49553626767536274, 
1.827931806242439672, 1.413352950580528899, 0.9976949969355402015, 0.5818933814430752305, 0.166298858425650592, -0.2494407132389314108, -0.6649892333725840876, -1.080984135175087735, -1.495989012166544452, -1.912342079278404938, -2.330623866757830065, -2.724913304228819388, -3.239513099616600833, -3.148930711176191277, -2.638714483590755222, -2.250075177189809317, -1.827931806242439006, -1.413352950580530898, -0.9976949969355416448, -0.5818933814430770068, -0.1662988584256507585, 0.2494407132389318549, 0.6649892333725841986, 1.080984135175087957, 1.495989012166541565, 
1.827647867904625745, 1.413133410066943263, 0.9975400218658393436, 0.5818029941327000909, 0.1662730267062826617, -0.2494019668364343967, -0.6648859385248523379, -1.080816222544264793, -1.495756635536265922, -1.912045029230106552, -2.330261843697375213, -2.724490034962617546, -3.239009895962233543, -3.148441577966199834, -2.638304603855696318, -2.24972566600805024, -1.827647867904617973, -1.413133410066947038, -0.9975400218658414531, -0.5818029941327019783, -0.166273026706282856, 0.2494019668364351461, 0.6648859385248510057, 1.080816222544263017, 1.495756635536265255, 
1.827720931143122396, 1.413189902406189802, 0.9975799001738070437, 0.5818262526671643675, 0.1662796737448182238, -0.2494119370914856804, -0.6649125184370757724, -1.080859429955731699, -1.495816430875249958, -1.912121466384355983, -2.330354999758687651, -2.724598950946224729, -3.23913938072604779, -3.148567442112107262, -2.638410074434520691, -2.249815602502804435, -1.82772093114312173, -1.413189902406193132, -0.9975799001738095972, -0.5818262526671653667, -0.1662796737448184181, 0.2494119370914864298, 0.6649125184370747732, 1.08085942995573081, 1.495816430875248848, 
1.827729308275261921, 1.413196379586781681, 0.9975844724575191336, 0.5818289193956105443, 0.1662804358670736393, -0.2494130802401563207, -0.6649155659811115671, -1.080864383940832063, -1.495823286764285109, -1.912130230355876481, -2.330365680651737215, -2.724611438807488462, -3.239154226919561896, -3.148581873180363644, -2.638422167259763196, -2.249825914253517745, -1.827729308275257925, -1.413196379586781903, -0.9975844724575176903, -0.5818289193956101002, -0.1662804358670734728, 0.2494130802401574032, 0.6649155659811120112, 1.080864383940834283, 1.495823286764283777, 
1.827660594357976676, 1.413143250133376716, 0.9975469680324329236, 0.581807045399249767, 0.1662741845146099851, -0.2494037034961912591, -0.6648905683225511121, -1.080823748587706357, -1.495767050932686582, -1.912058343365893975, -2.330278070000688206, -2.724509006393585508, -3.239032450147351749, -3.148463501497304584, -2.638322975151981442, -2.24974133151410971, -1.827660594357982227, -1.413143250133378714, -0.9975469680324373645, -0.5818070453992537638, -0.1662741845146108732, 0.2494037034961907318, 0.6648905683225474483, 1.080823748587704802, 1.495767050932683917, 
1.827750242174631223, 1.413212565632860906, 0.9975958982922208396, 0.581835583373690457, 0.1662823403602035899, -0.2494159368931059551, -0.6649231815921761157, -1.080876763622082404, -1.49584041917771704, -1.912152130941276784, -2.330392371497260751, -2.724642645147193232, -3.239191326575549645, -3.148617935465833906, -2.638452386430569341, -2.249851682636744954, -1.827750242174619677, -1.413212565632858686, -0.9975958982922191742, -0.5818355833736892357, -0.1662823403602030903, 0.2494159368931085641, 0.6649231815921781141, 1.080876763622079961, 1.495840419177718816, 
1.828550285082728433, 1.413831157092830138, 0.9980325660081691419, 0.5820902644681925642, 0.1663551254727842765, -0.2495251112468430121, -0.6652142317934508498, -1.081349885041686942, -1.49649517850500624, -1.912989118247465425, -2.331412430938029523, -2.725835275833285554, -3.240609185530796132, -3.149996148632731696, -2.63960728991321858, -2.250836487804014574, -1.82855028508272599, -1.41383115709283369, -0.9980325660081682537, -0.5820902644681950067, -0.1663551254727849704, 0.2495251112468422627, 0.665214231793452071, 1.081349885041689607, 1.496495178505003576, 
-0.01009699840207480166, -0.007806977500391357357, -0.005510995954782296931, -0.003214220860178618275, -0.0009185896881145328395, 0.001377842693246858138, 0.003673219757883858672, 0.005971062513519812681, 0.00826343664122691085, 0.01056325780467088152, 0.01287373269512458347, 0.01505168036610670008, 0.01789418974965907919, 0.01739383725936430661, 0.01457554151274129475, 0.01242880362989636292, 0.01009699840207400889, 0.007806977500389304311, 0.005510995954776647804, 0.003214220860177103428, 0.0009185896881139066043, -0.001377842693247233923, -0.003673219757886830254, -0.005971062513524453066, -0.008263436641224693874, 
0.001717901516243528154, 0.001328277766435868434, 0.0009376398737285549867, 0.0005468669667329593281, 0.0001562886865166903435, -0.0002344259113076629236, -0.0006249609577315739855, -0.001015915516384597889, -0.001405939643653044639, -0.001797230808257652785, -0.00219033459608467939, -0.002560890226316581923, -0.003044514268375989301, -0.002959384384477586286, -0.002479880046301305083, -0.002114634443887147743, -0.001717901516245920121, -0.0013282777664347658, -0.0009376398737263006052, -0.0005468669667325534028, -0.0001562886865164273161, 0.0002344259113076128064, 0.000624960957732212689, 0.001015915516385825423, 0.001405939643651705215, 
-0.0001954783234530429559, -0.0001511434202803609277, -0.0001066931187797460248, -6.22274541366492649e-05, -1.778393588203343285e-05, 2.667509382001494655e-05, 7.111369254444477349e-05, 0.0001156000271511198579, 0.0001599804888853254481, 0.0002045051255534739839, 0.0002492360188294223526, 0.0002914011794465470829, 0.0003464322833956467724, 0.0003367454376599399212, 0.000282183110759934839, 0.0002406221729875540919, 0.00019547832345947363, 0.000151143420280762191, 0.0001066931187824513667, 6.222745413764979377e-05, 1.778393588224635321e-05, -2.667509381938871138e-05, -7.111369254359309203e-05, -0.0001156000271495824592, -0.0001599804888837035087, 
-1.968358118867525789e-05, -1.521930273650024399e-05, -1.074340432282786007e-05, -6.265958925207049361e-06, -1.790743544166049849e-06, 2.686033752806078722e-06, 7.160753762246833761e-06, 1.164028051058665247e-05, 1.610914645210585541e-05, 2.05925300097008195e-05, 2.509668247420104872e-05, 2.934247987609439517e-05, 3.488380633294734976e-05, 3.390839477349250227e-05, 2.841427157770252206e-05, 2.422931604999246631e-05, 1.96835811854885031e-05, 1.521930273830438013e-05, 1.074340432037301798e-05, 6.265958922199432724e-06, 1.790743543589913496e-06, -2.686033753319591599e-06, -7.160753765340435254e-06, -1.16402805139495342e-05, -1.610914645111014107e-05, 
2.579227879338473337e-05, 1.994253462354357914e-05, 1.407756428703625921e-05, 8.210566868423523556e-06, 2.346491540946922819e-06, -3.519630435292516596e-06, -9.383056656452947797e-06, -1.525278135991522983e-05, -2.110853672728291698e-05, -2.698331518418701692e-05, -3.288530806730473343e-05, -3.844876674036193831e-05, -4.570981519073336291e-05, -4.443168970501385363e-05, -3.723249379446370464e-05, -3.174875896376297966e-05, -2.579227879217559723e-05, -1.994253461796067996e-05, -1.407756428396379288e-05, -8.210566865848800894e-06, -2.346491540521865593e-06, 3.519630435646730951e-06, 9.383056658503672161e-06, 1.525278136363438209e-05, 2.110853673045286324e-05, 
-4.072465075807925455e-06, -3.148821259043679335e-06, -2.222773309814608715e-06, -1.296405296843492491e-06, -3.704986649819083989e-07, 5.557311219770051277e-07, 1.481535262937020175e-06, 2.408333900192124045e-06, 3.33292685007898337e-06, 4.260523450636390523e-06, 5.192417069145582536e-06, 6.070857912454999394e-06, 7.217339239747252525e-06, 7.015529956970449705e-06, 5.878814816617670723e-06, 5.012961949493327281e-06, 4.072465071002304358e-06, 3.148821254910634161e-06, 2.222773309551589738e-06, 1.296405295640348046e-06, 3.704986649067602181e-07, -5.557311227441432804e-07, -1.481535263400434229e-06, -2.408333899644951349e-06, -3.332926853724650444e-06, 
-7.05893945831877228e-05, -5.457956843369284348e-05, -3.852807066937767236e-05, -2.247102510318505953e-05, -6.421976845554372325e-06, 9.632672767420600253e-06, 2.567994452837366872e-05, 4.174445424788028283e-05, 5.777073209831104831e-05, 7.384907311526036429e-05, 9.000189568602004367e-05, 0.0001052282036837760794, 0.0001251005467874920793, 0.0001216025191578353252, 0.0001018994566588252642, 8.689134024182667529e-05, 7.058939458118955175e-05, 5.457956843514588446e-05, 3.85280706698160424e-05, 2.247102510397812632e-05, 6.42197684577981692e-06, -9.632672767188894391e-06, -2.567994452764097506e-05, -4.174445424845015304e-05, -5.777073209727306703e-05, 
0.0005307779477287359474, 0.0004103963703479256587, 0.000289701454465846693, 0.0001689648233831865466, 4.828832590077760604e-05, -7.243028946723857283e-05, -0.0001930934290570988259, -0.0003138861848319047013, -0.0004343914663505657036, -0.0005552882228602923137, -0.0006767450233661855864, -0.0007912351469649863463, -0.0009406598806368541774, -0.0009143574036625539856, -0.0007662055299095055444, -0.0006533560391629462255, -0.0005307779477299298708, -0.0004103963703477751714, -0.0002897014544648071057, -0.0001689648233833788841, -4.828832590087780665e-05, 7.243028946691919398e-05, 0.0001930934290575653581, 0.0003138861848322851479, 0.0004343914663506843153, 
-0.002968827037551742803, -0.002295490695528162265, -0.001620401741477332704, -0.0009450794596941755566, -0.0002700935262036812724, 0.000405127987379768793, 0.001080039205497637872, 0.001755675412350120356, 0.002429703674959587858, 0.003105921594356339088, 0.003785272036066651517, 0.004425655412833624618, 0.005261440304186938699, 0.00511432133453465932, 0.00428565599467073139, 0.003654449252298973966, 0.002968827037557862474, 0.002295490695527862158, 0.001620401741474677493, 0.0009450794596943497879, 0.0002700935262039004981, -0.0004051279873793992969, -0.001080039205498107549, -0.001755675412351651683, -0.002429703674959274307, 
0.01476540086304515241, 0.01141657626669795658, 0.008059035090096542189, 0.004700333462779210901, 0.001343304656845249224, -0.002014895801888740359, -0.005371553012439233069, -0.008731815939710540694, -0.01208408178900243629, -0.01544723785176039046, -0.01882597345051340368, -0.02201090714466795439, -0.02616766629563692034, -0.02543597309357833666, -0.02131462288707530392, -0.01817532899736424776, -0.01476540086304985178, -0.011416576266698307, -0.008059035090094274906, -0.004700333462779301107, -0.001343304656845612432, 0.002014895801888308413, 0.005371553012439965989, 0.008731815939712403787, 0.01208408178900164873, 
-0.0167894160038764978, -0.01298154043086673613, -0.009163753424134503736, -0.005344646894149070529, -0.001527442492954497267, 0.002291094169142575843, 0.006107876037313047547, 0.009928757887501650156, 0.01374054643434685988, 0.0175647180059346035, 0.02140660472887001217, 0.02502812352351421049, 0.02975468389669713373, 0.02892269147939059704, 0.02423639384640365393, 0.02066677108020381973, 0.01678941600387894723, 0.01298154043086668409, 0.009163753424133752601, 0.005344646894149195429, 0.001527442492954585304, -0.002291094169142073207, -0.00610787603731364169, -0.00992875788750322355, -0.01374054643434659273, 
-0.1289199905546830338, -0.09968066008645631859, -0.07036522322229599169, -0.04103965420552693061, -0.01172869096334653964, 0.0175925022393593096, 0.04690022099981393244, 0.07623942207286639461, 0.1055087988839553681, 0.1348732605647301741, 0.1643737506305468776, 0.1921821132734942983, 0.2284756995737497187, 0.2220871239046360857, 0.1861027009537708499, 0.1586928295683713297, 0.1289199905546822567, 0.09968066008645615206, 0.07036522322229628312, 0.04103965420552684734, 0.01172869096334648586, -0.01759250223935947266, -0.04690022099981382836, -0.07623942207286617256, -0.105508798883955715, 
1.196118286370702055, 0.9248360926332821474, 0.6528477845725958462, 0.3807654705089319469, 0.1088186686648808799, -0.1632230466429471227, -0.4351397462204273925, -0.7073485383557306383, -0.9789095017392116516, -1.251352661521384357, -1.525057891197556525, -1.783063580836131257, -2.11979508434404007, -2.060521947968439349, -1.726658858692408538, -1.472350366657262599, -1.196118286370700723, -0.9248360926332833687, -0.6528477845725970674, -0.3807654705089330016, -0.1088186686648810186, 0.1632230466429476223, 0.4351397462204271149, 0.7073485383557300832, 0.9789095017392106524, 
0.2904740012203881339, 0.2245938745032790562, 0.1585422698854181967, 0.09246783617102505293, 0.02642631122250677089, -0.03963826319687657751, -0.1056724778936277559, -0.1717776264561715338, -0.23772545160698208, -0.3038875157011410866, -0.370356069961120693, -0.4330120345600219078, -0.5147863442377779153, -0.5003920278193358939, -0.4193143045650030154, -0.357556194127689686, -0.2904740012203874677, -0.2245938745032793338, -0.1585422698854189183, -0.09246783617102530273, -0.02642631122250682293, 0.03963826319687671629, 0.1056724778936276449, 0.1717776264561710897, 0.2377254516069822188, 
0.1137466644402442134, 0.08794867689062497995, 0.06208354033918841997, 0.03620946414574606476, 0.01034827469030274831, -0.01552194070349298058, -0.04138026753869718938, -0.06726637135427125658, -0.09309086892196312413, -0.1189992602808234989, -0.1450276700712777034, -0.1695631085286587458, -0.2015850964644665677, -0.1959484285609159049, -0.1641992167834729621, -0.140015368883614516, -0.1137466644402458094, -0.08794867689062538241, -0.06208354033918778159, -0.03620946414574605088, -0.01034827469030285413, 0.01552194070349286088, 0.04138026753869734897, 0.06726637135427172842, 0.09309086892196204166, 
-0.05143727009305618797, -0.03977118687226698784, -0.0280747382657330416, -0.01637424707225594925, -0.004679583378217326561, 0.007019161926751612407, 0.01871253111803611313, 0.03041846131098687941, 0.04209653260163747496, 0.05381254142317589556, 0.06558282366461591628, 0.07667797077063977229, 0.09115860323995984837, 0.08860965105040528866, 0.07425237042618208771, 0.06331621574915489992, 0.05143727009305670145, 0.03977118687226638416, 0.02807473826573162259, 0.01637424707225597353, 0.004679583378217442788, -0.007019161926751647969, -0.0187125311180362866, -0.03041846131098809372, -0.0420965326016372321, 
0.01009699840207080833, 0.00780697750038556338, 0.005510995954779428566, 0.00321422086017790834, 0.000918589688114053839, -0.001377842693247208769, -0.00367321975788597677, -0.005971062513521030457, -0.008263436641224171722, -0.01056325780466871311, -0.01287373269512603717, -0.01505168036609708104, -0.01789418974964876105, -0.01739383725935756894, -0.01457554151273931543, -0.01242880362989582689, -0.01009699840207275642, -0.007806977500385637973, -0.005510995954778263699, -0.003214220860177963851, -0.000918589688114197821, 0.001377842693246945742, 0.003673219757886094297, 0.005971062513521867461, 0.008263436641223375484, 
-0.001717901516242985186, -0.001328277766433472564, -0.0009376398737256117031, -0.0005468669667320558625, -0.0001562886865161956221, 0.0002344259113072495986, 0.0006249609577311887685, 0.001015915516382930603, 0.001405939643649674938, 0.001797230808257118057, 0.002190334596086282275, 0.00256089022631117132, 0.003044514268380423255, 0.002959384384476696807, 0.002479880046299714341, 0.00211463444388903599, 0.001717901516245097645, 0.001328277766433773321, 0.0009376398737257118834, 0.000546866966732154308, 0.0001562886865164336044, -0.0002344259113071368687, -0.0006249609577312420028, -0.001015915516383055937, -0.001405939643648556042, 
0.0001954783234624826705, 0.0001511434202811529103, 0.0001066931187791698933, 6.222745413525742036e-05, 1.77839358814197236e-05, -2.667509381885015089e-05, -7.111369254272888803e-05, -0.0001156000271503621225, -0.0001599804888865951301, -0.0002045051255541064804, -0.0002492360188368369944, -0.0002914011794440421422, -0.0003464322834103758216, -0.0003367454376685819341, -0.0002821831107604358489, -0.0002406221729912394849, -0.0001954783234602654228, -0.0001511434202815533333, -0.0001066931187793702945, -6.22274541359355075e-05, -1.778393588150739489e-05, 2.66750938185370333e-05, 7.111369254195235533e-05, 0.0001156000271494196392, 0.0001599804888854608649, 
1.968358117785273825e-05, 1.52193027383434707e-05, 1.074340432438092208e-05, 6.265958926782278227e-06, 1.790743544529266259e-06, -2.68603375377048079e-06, -7.16075376470167585e-06, -1.164028051161993949e-05, -1.610914645096219152e-05, -2.05925300065233177e-05, -2.509668245636586877e-05, -2.934247988150506545e-05, -3.488380630809834399e-05, -3.39083947640739228e-05, -2.841427157774009644e-05, -2.422931603299018064e-05, -1.968358118204303396e-05, -1.521930273673977983e-05, -1.074340432357934092e-05, -6.26595892523329383e-06, -1.790743544416543961e-06, 2.68603375409612303e-06, 7.160753765916571818e-06, 1.164028051392448575e-05, 1.610914645077118898e-05, 
-2.579227879203126959e-05, -1.994253462384887692e-05, -1.407756428673253521e-05, -8.210566869888492449e-06, -2.346491541499574971e-06, 3.519630436128148903e-06, 9.38305665707937779e-06, 1.525278136122846463e-05, 2.110853672830930407e-05, 2.69833151804023619e-05, 3.288530805434792794e-05, 3.844876674609824872e-05, 4.570981517942042475e-05, 4.443168969433028127e-05, 3.723249379533221157e-05, 3.174875894925418619e-05, 2.579227879181279607e-05, 1.994253462074590047e-05, 1.407756428651022125e-05, 8.210566867308348777e-06, 2.346491540936746142e-06, -3.519630436781390453e-06, -9.383056659331475766e-06, -1.525278136435259657e-05, -2.11085367304329783e-05, 
4.07246507410945753e-06, 3.14882125709054926e-06, 2.222773310328121592e-06, 1.296405296593774261e-06, 3.704986649098913813e-07, -5.557311221961875024e-07, -1.48153526218553805e-06, -2.408333900339289667e-06, -3.332926850315974294e-06, -4.260523451876010535e-06, -5.192417076359812123e-06, -6.070857911528170861e-06, -7.217339238945671365e-06, -7.015529957277305178e-06, -5.878814814851687496e-06, -5.012961951157547123e-06, -4.072465073702698757e-06, -3.148821255136522601e-06, -2.222773308912829911e-06, -1.296405295890066488e-06, -3.704986648096937364e-07, 5.557311222400238926e-07, 1.481535263425483535e-06, 2.408333900765129552e-06, 3.332926853058492912e-06, 
7.058939458146167294e-05, 5.457956843386805733e-05, 3.852807066910212915e-05, 2.247102510382378336e-05, 6.421976845604470935e-06, -9.632672767721193612e-06, -2.567994452908131732e-05, -4.174445425008149784e-05, -5.77707320977302141e-05, -7.38490731127900774e-05, -9.000189567985788575e-05, -0.000105228203684527567, -0.000125100546772136795, -0.0001216025191473771923, -0.0001018994566572221087, -8.68913402352723479e-05, -7.058939458124914221e-05, -5.457956843476948335e-05, -3.852807067098083468e-05, -2.247102510454177592e-05, -6.421976846080409431e-06, 9.632672767608472161e-06, 2.5679944528342359e-05, 4.174445424794290228e-05, 5.777073209700143373e-05, 
-0.0005307779477243706242, -0.000410396370348603014, -0.0002897014544661723331, -0.0001689648233841829826, -4.82883259013725281e-05, 7.243028946763936172e-05, 0.0001930934290584514765, 0.0003138861848332056897, 0.0004343914663510487157, 0.00055528822285585153, 0.0006767450233628790951, 0.0007912351469667899167, 0.000940659880622676174, 0.0009143574036526720249, 0.0007662055299133380907, 0.0006533560391600357932, 0.0005307779477263937454, 0.000410396370348002366, 0.0002897014544672243887, 0.0001689648233839856307, 4.828832590122223735e-05, -7.243028946771451048e-05, -0.0001930934290574870787, -0.0003138861848329332839, -0.0004343914663492459043, 
0.002968827037549674145, 0.002295490695531241399, 0.001620401741477721065, 0.0009450794596955733101, 0.0002700935262042386607, -0.0004051279873799378743, -0.001080039205498214017, -0.001755675412353804258, -0.002429703674962109278, -0.003105921594351860032, -0.003785272036070559416, -0.004425655412844647051, -0.005261440304180024959, -0.005114321334531528145, -0.004285655994683845033, -0.003654449252298648271, -0.00296882703755485533, -0.002295490695533044211, -0.001620401741478272057, -0.0009450794596937536936, -0.0002700935262036374706, 0.0004051279873801131898, 0.001080039205499829695, 0.001755675412353046617, 0.002429703674960225802, 
-5.560139283000644639, -5.478072007401011412, -5.513676453318368864, -5.501209268490390158, -5.504727753257934175, -5.50422628218869292, -5.501854017007990372, -5.514177924387605678, -5.466149276876793195, -5.618553498696855719, -5.237077292439469289, -5.993314086267544916, -5.192546661489296334, 6.678262162253995271, 5.453516299572892301, 5.419684400373734334, 5.560139283000669508, 5.478072007401016741, 5.513676453318348436, 5.501209268490372395, 5.504727753257945722, 5.504226282188695585, 5.501854017007993924, 5.514177924387606566, 5.466149276876773655, 
-5.139907350227309379, -5.064042669218809856, -5.096956152848777677, -5.085431230239395362, -5.088683790076101054, -5.088220219884144413, -5.086027249057629263, -5.097419723040728989, -5.053021051389275264, -5.193906655160675179, -4.841262187696719899, -5.540343066298660801, -4.800097154649652254, 6.17352318483463236, 5.041342866798090405, 5.010067961887426868, 5.139907350227335137, 5.064042669218811632, 5.096956152848760802, 5.085431230239383815, 5.088683790076111713, 5.088220219884147077, 5.086027249057631039, 5.097419723040729878, 5.053021051389261054, 
-4.720141826793907924, -4.65047285620657469, -4.680698364209254336, -4.670114658015268816, -4.673101588067364531, -4.672675876687059748, -4.67066200121852404, -4.68112407558955379, -4.640351350939790898, -4.769731121009982644, -4.44588639240987149, -5.087874792308737959, -4.408083221837499011, 5.669344409900932469, 4.629626899350706815, 4.600906150757586133, 4.72014182679393457, 4.650472856206580907, 4.680698364209236573, 4.67011465801525727, 4.673101588067376078, 4.672675876687061525, 4.67066200121852404, 4.681124075589555567, 4.640351350939772246, 
-4.300262990685056685, -4.236791403006231249, -4.264328209781982792, -4.254685974077980326, -4.257407202640619559, -4.257019360291677934, -4.255184628526620827, -4.264716052130922641, -4.227570253281086821, -4.345441083733252441, -4.050403868278766417, -4.635284377771717423, -4.015963467691637589, 5.165029535543389727, 4.217799792147449267, 4.191633889347953001, 4.300262990685080666, 4.236791403006236578, 4.264328209781967693, 4.254685974077966115, 4.257407202640629329, 4.257019360291680599, 4.255184628526623491, 4.264716052130919977, 4.22757025328107261, 
-3.880403356895534728, -3.823128868700299776, -3.847977097211501718, -3.839276288941206428, -3.841731828165719342, -3.841381853116279554, -3.839726256861921705, -3.848327072260942394, -3.814808033340834292, -3.92117045051331381, -3.65493943075043326, -4.182714661552698665, -3.623861646358948807, 4.660737725018581301, 3.805991519033809389, 3.782380345187149828, 3.880403356895548939, 3.823128868700303329, 3.847977097211488395, 3.839276288941195769, 3.841731828165727336, 3.841381853116281331, 3.839726256861923037, 3.848327072260942394, 3.814808033340824078, 
-3.460541413383008802, -3.409464058762714522, -3.431623694219015697, -3.423864318561391951, -3.4260541669861726, -3.425742059444544463, -3.424265599686344697, -3.431935801760640725, -3.402043542721716829, -3.496897483304684862, -3.259472817701432934, -3.73014245566663627, -3.231757668003968131, 4.156443140294276084, 3.394180980489123201, 3.373124549649344495, 3.460541413383022569, 3.409464058762713634, 3.43162369421900415, 3.423864318561381737, 3.426054166986179261, 3.425742059444547571, 3.424265599686345141, 3.431935801760642502, 3.402043542721709724, 
-3.040685256390398994, -2.995804949936409667, -3.015276029391889878, -3.00845807337215021, -3.010382234658938394, -3.010107994103238038, -3.008810668372340569, -3.015550269947590678, -2.989284740805720819, -3.072630363408511034, -2.864011654956913233, -3.277576487111985681, -2.839659093609773866, 3.652155505737044727, 2.982376117500233459, 2.963874394457957973, 3.040685256390409652, 2.995804949936410999, 3.015276029391880108, 3.008458073372140884, 3.010382234658945944, 3.010107994103238038, 3.008810668372342345, 3.015550269947590678, 2.989284740805714602, 
-2.620797023589766184, -2.582114238738815626, -2.598896556795498025, -2.593020092335406979, -2.594678546186468093, -2.594442175509621862, -2.593323997491355115, -2.599132927472342924, -2.576494405299305956, -2.648330830719386242, -2.468520280112079579, -2.824975943813381463, -2.447530564007373233, 3.147829345048692939, 2.570539793799129669, 2.554592973726723226, 2.620797023589778174, 2.582114238738816958, 2.598896556795488699, 2.593020092335399873, 2.594678546186473866, 2.59444217550962275, 2.593323997491356003, 2.599132927472343368, 2.576494405299297963, 
-2.201028866325345223, -2.168541830770726264, -2.182636156334334387, -2.17770091419533296, -2.179093736595081765, -2.178895224967432487, -2.177956143430882729, -2.182834667961983666, -2.163822115541748747, -2.22415263506693428, -2.073142004028267316, -2.372504830798073616, -2.055514171492375919, 2.643647406630571961, 2.158821243027897019, 2.1454285952991623, 2.201028866325357658, 2.168541830770729373, 2.182636156334327282, 2.17770091419532541, 2.17909373659508665, 2.178895224967432931, 2.177956143430885394, 2.182834667961983666, 2.16382211554174031, 
-1.781032344048179672, -1.754744428441867177, -1.766149299173182419, -1.762155791405176197, -1.76328283784305917, -1.763122205860933489, -1.762362318239339087, -1.766309931155306767, -1.750925321111601152, -1.799743675223865802, -1.67754863167406798, -1.91978756149458385, -1.663284511660815923, 2.13919117986349594, 1.746878706443390605, 1.736041620595833779, 1.781032344048187888, 1.754744428441868509, 1.766149299173175535, 1.762155791405170646, 1.763282837843062945, 1.763122205860934377, 1.762362318239340198, 1.766309931155306767, 1.750925321111596489, 
-1.360012262352548795, -1.339938574361563939, -1.348647435880540479, -1.345597957552740143, -1.346458580315084808, -1.346335920293695088, -1.345755663294527116, -1.348770095901929533, -1.337022269771275473, -1.374300402558935374, -1.280991171998475675, -1.465966990139007553, -1.270098962098682671, 1.633505559768803739, 1.333932238538448889, 1.325656942646097791, 1.36001226235255479, 1.339938574361565937, 1.348647435880535372, 1.345597957552735258, 1.346458580315087916, 1.346335920293695532, 1.34575566329452867, 1.348770095901929311, 1.337022269771270144, 
-0.9522830054677380307, -0.9382273734267380094, -0.9443253337547918846, -0.9421900836048533456, -0.9427926931940361355, -0.9427068064288554039, -0.9423005094458006825, -0.9444112205199722831, -0.9361853717647115047, -0.9622875866578725068, -0.8969522974287196249, -1.026472694350006432, -0.8893255526803942601, 1.14378349884441266, 0.934021726398533092, 0.9282273494935262548, 0.9522830054677438039, 0.9382273734267388976, 0.9443253337547883319, 0.942190083604850237, 0.9427926931940383559, 0.942706806428855737, 0.9423005094458015707, 0.9444112205199722831, 0.9361853717647083961, 
-0.4640003257815772941, -0.4571517127026459293, -0.4601229466347589447, -0.4590825450319707124, -0.4593761668272716148, -0.459334318462032154, -0.459136350072993471, -0.46016479499999835, -0.4561567464678333295, -0.4688750624983683002, -0.4370404132257292851, -0.5001492852960840452, -0.4333242783923245689, 0.5573090279257074675, 0.4551025092830696117, 0.452279196511353343, 0.4640003257815791815, 0.4571517127026466509, 0.4601229466347575014, 0.4590825450319693246, 0.459376166827272725, 0.459334318462032376, 0.4591363500729937486, 0.4601647949999982945, 0.4561567464678312755, 
-0.5708347144198313572, -0.5624092330702256115, -0.5660645828164904136, -0.564784632525918151, -0.5651458596724416861, -0.5650943758732003275, -0.5648508259820861355, -0.5661160666157313281, -0.5611851794759746825, -0.5768318415488137285, -0.5376673799816965582, -0.6153068404819824755, -0.5330956186089021998, 0.6856274061094560501, 0.5598882080109615078, 0.556414837734667489, 0.5708347144198337997, 0.5624092330702264997, 0.5660645828164881932, 0.5647846325259165967, 0.5651458596724430183, 0.5650943758732005495, 0.5648508259820865796, 0.5661160666157313281, 0.561185179475971907, 
-1.028254601556066294, -1.013077633951946499, -1.019662079680186739, -1.017356482731022416, -1.018007167537389179, -1.017914428865163812, -1.01747571816674176, -1.019754818352411663, -1.010872724704057646, -1.039057332032542913, -0.968509699229964327, -1.108363023677634951, -0.9602745051360549455, 1.235032694186318114, 1.008536467214283583, 1.002279824302969802, 1.028254601556071846, 1.013077633951947609, 1.019662079680183187, 1.017356482731019085, 1.018007167537391844, 1.017914428865164256, 1.017475718166742427, 1.019754818352411663, 1.010872724704054093, 
-1.445715489948664167, -1.424376828178979926, -1.43363449176505986, -1.430392845952882519, -1.431307702158938433, -1.431177312530970136, -1.430560489760271503, -1.433764881393027268, -1.421276748248601507, -1.460904018898542711, -1.361714766190555981, -1.558347114996813998, -1.350136167226554162, 1.736443380730961383, 1.417991994028817704, 1.40919521786241142, 1.445715489948670385, 1.424376828178982146, 1.433634491765054531, 1.430392845952877856, 1.431307702158941764, 1.431177312530970358, 1.430560489760273057, 1.433764881393027268, 1.421276748248596178, 
-1.86477838359988124, -1.837254382176566114, -1.849195522088246335, -1.8450142353275647, -1.846194276690485747, -1.846026091621312926, -1.845230473273645089, -1.849363707157418268, -1.833255696348133013, -1.884369541515345636, -1.756428756747347109, -2.010058019295678289, -1.741493922604289812, 2.239778229703539125, 1.829018805544181392, 1.817672148366802132, 1.864778383599889011, 1.837254382176567447, 1.849195522088239452, 1.845014235327558705, 1.846194276690490188, 1.846026091621314036, 1.845230473273646421, 1.849363707157418268, 1.833255696348127017, 
-2.285010316373215389, -2.251283720358771223, -2.265915822557837966, -2.260792273578559719, -2.262238239872322421, -2.262032153925864097, -2.261057241224008418, -2.266121908504295401, -2.246383921835653386, -2.309016385051529952, -2.152243861490099608, -2.463029039264564624, -2.133943429443940776, 2.74451720712291225, 2.241192238318986174, 2.227288586853112484, 2.285010316373227823, 2.251283720358773444, 2.265915822557829973, 2.260792273578553058, 2.26223823987232775, 2.262032153925864097, 2.261057241224010195, 2.266121908504295401, 2.246383921835644948, 
-2.704775839806608406, -2.664853533370995731, -2.68217361119735509, -2.676108845802679603, -2.677820441881051394, -2.677576497122941657, -2.676422489063107868, -2.682417555955462607, -2.659053622285129759, -2.733191919202211828, -2.547619656776942243, -2.915497313254479916, -2.525957362256075811, 3.248695982056596154, 2.652908205766359551, 2.636450397982944782, 2.704775839806620397, 2.664853533370998839, 2.682173611197345764, 2.67610884580267161, 2.677820441881056279, 2.677576497122942989, 2.676422489063109644, 2.682417555955463051, 2.659053622285121765, 
-3.124654675915476076, -3.078534986571352938, -3.098543765624635515, -3.091537529739979639, -3.093514827307803916, -3.093233013518330576, -3.091899861755019074, -3.098825579414107523, -3.071834719943843162, -3.157481956478955354, -2.943102180908050869, -3.368087727791509778, -2.918077116401975424, 3.753010856414184637, 3.064735312969622427, 3.045722659392592568, 3.12465467591548629, 3.078534986571352938, 3.098543765624624857, 3.091537529739971202, 3.093514827307810577, 3.093233013518331465, 3.091899861755021739, 3.098825579414107079, 3.071834719943836944, 
-3.544514309704983823, -3.492197520877273753, -3.514894878195105488, -3.506947214876740215, -3.509190201782693919, -3.508870520693720074, -3.507358233419709759, -3.515214559284074891, -3.484596939884083699, -3.581752589698875777, -3.338566618436380473, -3.820657444010524983, -3.3101789377346309, 4.257302666938946878, 3.47654358608325964, 3.454976203553383751, 3.544514309704998922, 3.492197520877273753, 3.514894878195093053, 3.506947214876731334, 3.509190201782701468, 3.508870520693722739, 3.507358233419710203, 3.515214559284076223, 3.484596939884074818, 
-3.964376253217516854, -3.905862330814867445, -3.931248281187599058, -3.922359185256564906, -3.924867862962246878, -3.924510314365460495, -3.922818890595293873, -3.93160582978438411, -3.897361430503209601, -4.006025556907516716, -3.73403323148538524, -4.27322964989659404, -3.702282916089628451, 4.76159725166327874, 3.888354124627954711, 3.864231999091195302, 3.964376253217535062, 3.905862330814870997, 3.931248281187586624, 3.92235918525655336, 3.924867862962256204, 3.924510314365462715, 3.922818890595296093, 3.931605829784383221, 3.897361430503197166, 
-4.38423241021012533, -4.319521439641166083, -4.34759594601472088, -4.337765430445801762, -4.340539795289477532, -4.340144379706765143, -4.338273821909290895, -4.347991361597428828, -4.310120232419204278, -4.430292676803690988, -4.129494394229897836, -4.72579561845123397, -4.094381490483823605, 5.265884886220512762, 4.300158987616832462, 4.273482154282576495, 4.384232410210151087, 4.3195214396411723, 4.347595946014704893, 4.337765430445787551, 4.340539795289487301, 4.340144379706766919, 4.338273821909295336, 4.347991361597429716, 4.310120232419186515, 
-4.804120643010750591, -4.733212150838756571, -4.763975418611112289, -4.753203411482541441, -4.756243483761948276, -4.755810198300380875, -4.753760492790277681, -4.764408704072673473, -4.7229105679256147, -4.854592209492811783, -4.524985769074736375, -5.178396161749836857, -4.486510020086201145, 5.770211046908829466, 4.711995311317939361, 4.682763575013813906, 4.80412064301077546, 4.733212150838761012, 4.763975418611094526, 4.753203411482529894, 4.756243483761958935, 4.755810198300381764, 4.753760492790277681, 4.764408704072676137, 4.722910567925597825, 
-5.223888800275171107, -5.146784558806846377, -5.180235819072267489, -5.168522589622614127, -5.171828293353328831, -5.171357148842565365, -5.169128346850743405, -5.180706963583029179, -5.135582857683171909, -5.27877040514526108, -4.920364045158536648, -5.63086727476513893, -4.878526412601208229, 6.274392985326964656, 5.123713862089162241, 5.091927953441365062, 5.223888800275196864, 5.146784558806846377, 5.180235819072249726, 5.168522589622599028, 5.171828293353341266, 5.17135714884256803, 5.169128346850746958, 5.180706963583031843, 5.135582857683155922, 
0.1039621165297140992, -0.03329767899876633075, 0.004814122264882345764, 0.0002865548967194100514, -0.0008023537108134870706, 0.001203530566220693343, -0.002292439173753865311, 0.002808237987846694088, 0.00997211040582753408, -0.1131891842040683022, 0.4183701492099787811, -1.277977528388121842, 3.71180288818270121, 2.231059114876089655, -0.8812136183907709475, 0.3120582825271636662, -0.1039621165297164168, 0.03329767899876730219, -0.004814122264882341427, -0.0002865548967191897415, 0.0008023537108138155838, -0.001203530566220477587, 0.002292439173753535713, -0.002808237987847775254, -0.009972110405827802962, 
0.09610472322698206116, -0.03078106074689915608, 0.004450273842925811865, 0.0002648972525545012871, -0.0007417123071542016527, 0.001112568460731452099, -0.002119178020440521878, 0.002595993075040474267, 0.009218424388915081799, -0.1046344147592572077, 0.3867499887304237105, -1.181388766945157487, 3.431267091796526003, 2.06243702894338643, -0.8146120310573911061, 0.288473108032483494, -0.09610472322698830616, 0.03078106074689974936, -0.004450273842924825675, -0.0002648972525550375334, 0.0007417123071544124216, -0.001112568460731567675, 0.002119178020440310676, -0.002595993075038957685, -0.009218424388915694156, 
0.08825605073136108536, -0.0282672356532099496, 0.004086829251066150664, 0.000243263645896323017, -0.000681138208510974081, 0.00102170731276645093, -0.001946109167173945597, 0.002383983729788847952, 0.008465574877207259971, -0.09608914012923241987, 0.3551649230093230081, -1.084907207970530862, 3.151042658030404731, 1.894002094223296018, -0.7480843638618277502, 0.2649141103816078369, -0.08825605073136058576, 0.0282672356532062026, -0.004086829251066109898, -0.0002432636458967179648, 0.0006811382085110012944, -0.001021707312766845363, 0.00194610916717389117, -0.002383983729788725654, -0.008465574877209183779, 
0.08040525954320126845, -0.02575273197056137872, 0.003723286549960151334, 0.0002216241994022788322, -0.0006205477583267304505, 0.0009308216374904491799, -0.001772993595219404632, 0.002171917154143284279, 0.007712522139204471168, -0.08754155876396052527, 0.323571331127551709, -0.9883996044949523441, 2.870742579699541164, 1.725521691707431859, -0.6815387380023484321, 0.2413487531492450044, -0.0804052595432055428, 0.02575273197056173954, -0.003723286549961225562, -0.0002216241994023071028, 0.0006205477583270432428, -0.0009308216374900411946, 0.001772993595218942111, -0.002171917154144345063, -0.007712522139203628092, 
0.0725548273952862921, -0.02323834328371663163, 0.003359760474754723645, 0.0001999857425447866619, -0.0005599600791254744818, 0.0008399401186883886103, -0.001599885940359578942, 0.001959860276940099226, 0.006959503840563381616, -0.07899436830522948982, 0.2919791841155364165, -0.8918964146016997718, 2.59045532033249204, 1.557048994306023726, -0.614996155474046291, 0.2177844736313796214, -0.07255482739528743008, 0.02323834328371743307, -0.003359760474754723645, -0.0001999857425452848257, 0.0005599600791257194031, -0.0008399401186884701423, 0.001599885940359198171, -0.001959860276939500746, -0.006959503840562701604, 
0.06470435206074011403, -0.020723940764768356, 0.002996232399726024998, 0.0001783471666499266924, -0.0004993720666207594619, 0.0007490580999313030701, -0.001426777333202885155, 0.001747802233173908256, 0.0062064813994320003, -0.07044713082688303096, 0.2603868633094859053, -0.7953926938271400626, 2.310166519055061762, 1.388575370106146956, -0.5484532068830929585, 0.1942200644822083822, -0.06470435206074449941, 0.02072394076476950439, -0.002996232399725265189, -0.0001783471666508494298, 0.0004993720666209502815, -0.0007490580999312477757, 0.001426777333202503949, -0.001747802233173039593, -0.006206481399431539731, 
0.05685398492111859436, -0.01820957289921064023, 0.002632709334825769111, 0.0001567088889783307861, -0.0004387848891375904911, 0.0006581773337062752022, -0.001253671111822205614, 0.001535747111981457811, 0.005453469336425931235, -0.06190001114620178463, 0.228794977907479935, -0.6988903030628594859, 2.02988158070628355, 1.220104067802783465, -0.4819111753843017265, 0.170655980096741211, -0.05685398492112094665, 0.01820957289921274619, -0.002632709334826459097, -0.0001567088889781280132, 0.0004387848891373728917, -0.000658177333706280298, 0.001253671111822149452, -0.001535747111981663592, -0.00545346933642430233, 
0.04900301803593140604, -0.01569501294315175932, 0.002269158497805273417, 0.0001350689582024555745, -0.0003781930829675574958, 0.0005672896244514382671, -0.001080551665621402521, 0.001323675790386087377, 0.004700399745453483734, -0.05335223849005642227, 0.1972006789759030709, -0.60238053979227979, 1.749575229390883502, 1.051619894774387332, -0.4153640602648596691, 0.1470900954827090157, -0.04900301803593245381, 0.01569501294315158932, -0.002269158497805358419, -0.0001350689582026978394, 0.000378193082967673126, -0.0005672896244513021997, 0.001080551665621405774, -0.00132367579038605008, -0.004700399745453657206, 
0.04115429629357989644, -0.01318117207638864856, 0.001905711625501420661, 0.0001134352158039168243, -0.000317618604250358063, 0.0004764279063756237764, -0.0009074817264294262904, 0.001111665114875707433, 0.003947545509967917074, -0.04480691024245930104, 0.1656154150733936403, -0.505898375441305781, 1.469349037348384845, 0.8831839032043872217, -0.348835975639513296, 0.1235309500102206581, -0.04115429629358180463, 0.01318117207638888101, -0.001905711625502474723, -0.0001134352158034822625, 0.0003176186042503750307, -0.0004764279063753585806, 0.0009074817264295079308, -0.001111665114876496298, -0.00394754550996853637, 
0.03330130463839844901, -0.01066596361351127183, 0.00154206702845986819, 9.178970407491662592e-05, -0.0002570111714099168284, 0.0003855167571150044524, -0.000734317632599929427, 0.0008995390999343485378, 0.003194281701809267588, -0.03625693310961274063, 0.1340129679494515003, -0.4093637222335291259, 1.188970394823844812, 0.7146562779868689264, -0.2822716979713323915, 0.0999589877376368674, -0.03330130463840033639, 0.01066596361351201602, -0.001542067028459813763, -9.178970407495012777e-05, 0.0002570111714100188518, -0.000385516757114882046, 0.0007343176325997662545, -0.0008995390999344437307, -0.003194281701809206439, 
0.02542917472100392207, -0.008144625420563565699, 0.001177536205382538528, 7.009144079671645992e-05, -0.0001962560342304774607, 0.0002943840513458760837, -0.0005607315263726840148, 0.0006868961198062052036, 0.002439182139721152425, -0.02768611911465242853, 0.1023335035630211914, -0.3125938076646287977, 0.9079084509263888325, 0.5457179397540918853, -0.2155451987376715284, 0.07632957902748488399, -0.02542917472100358553, 0.008144625420563510187, -0.001177536205383327393, -7.009144079640697441e-05, 0.0001962560342305183351, -0.0002943840513455768439, 0.0005607315263726840148, -0.0006868961198068037916, -0.002439182139720785531, 
0.01780555337640330957, -0.005702881208208424382, 0.0008245129457648194427, 4.907815153363356868e-05, -0.0001374188242941751714, 0.0002061282364413510111, -0.000392625212269023013, 0.0004809658850295386694, 0.001707919673370417168, -0.01938586985578636887, 0.07165410123910898044, -0.2188787402097077672, 0.635719112445488399, 0.3821126722105803175, -0.1509251315962358841, 0.05344610702012921044, -0.0178055533764041457, 0.005702881208208349789, -0.0008245129457652268859, -4.907815153355065432e-05, 0.000137418824294229517, -0.0002061282364412422657, 0.0003926252122689958537, -0.0004809658850297833738, -0.00170791967337033542, 
0.00867576394825486652, -0.002778731452004392245, 0.0004017443063137707835, 2.3913351566274007e-05, -6.695738438565141737e-05, 0.0001004360765784745714, -0.0001913068125303974039, 0.0002343508453496898568, 0.0008321846345073276741, -0.009445773868688814648, 0.03491349328680000419, -0.1066487653153909837, 0.3097544255086190357, 0.186184572624912309, -0.07353833873669025911, 0.0260416398557019417, -0.008675763948254294061, 0.002778731452004190149, -0.0004017443063138634285, -2.391335156628751548e-05, 6.695738438564630807e-05, -0.0001004360765784499194, 0.0001913068125304024996, -0.0002343508453498386094, -0.0008321846345073727769, 
0.010673327065953803, -0.003418524269745999451, 0.0004942444727342771996, 2.941931385327155185e-05, -8.237407878904789852e-05, 0.0001235611181835939655, -0.0002353545108258968106, 0.0002883092757616183407, 0.001023792122092509428, -0.01162062897202675339, 0.04295219822572061974, -0.1312042559226497263, 0.381074256203705497, 0.2290528937985069347, -0.09047027396146306577, 0.03203763278617066668, -0.01067332706595323054, 0.003418524269745570106, -0.000494244472734454033, -2.941931385326894977e-05, 8.23740787890513002e-05, -0.0001235611181835633639, 0.0002353545108258695972, -0.0002883092757618189723, -0.001023792122092635195, 
0.01922605159119237725, -0.006157847835987978642, 0.0008902912533956208697, 5.299352698786889638e-05, -0.0001483818755659878233, 0.0002225728133489987299, -0.000423948215902709665, 0.0005193365644809199225, 0.001844174739176771948, -0.02093244316020134721, 0.07737054940226414934, -0.2363405316604191564, 0.6864357537790357622, 0.4125970024220130261, -0.1629656941930403558, 0.05770995088976992038, -0.01922605159119353604, 0.006157847835988031551, -0.0008902912533957773201, -5.299352698782211984e-05, 0.0001483818755659946267, -0.0002225728133489171165, 0.0004239482159026960583, -0.0005193365644810423289, -0.00184417473917694889, 
0.0270316325877628244, -0.008657871297403557653, 0.001251740428540039276, 7.450835884175664161e-05, -0.0002086234047566958905, 0.000312935107135275069, -0.0005960668707334751447, 0.0007301819166481228517, 0.002592890887690705269, -0.0294308017424633854, 0.1087822039088532228, -0.3322923787621241964, 0.965121673748059572, 0.5801071802695600965, -0.2291281051099344768, 0.08113960277858840719, -0.02703163258776226582, 0.008657871297403214178, -0.001251740428540583545, -7.450835884149658217e-05, 0.0002086234047567775039, -0.0003129351071349758292, 0.0005960668707334208262, -0.0007301819166485310538, -0.002592890887690487995, 
0.03486716748456780007, -0.01116748859345874714, 0.00161457666411441705, 9.610575381627505529e-05, -0.0002690961106857859761, 0.0004036441660286926251, -0.0007688460305307141373, 0.0009418363873999916836, 0.003344480232808454308, -0.03796177275745370172, 0.1403144005718532095, -0.4286124408700929811, 1.244877050333762281, 0.7482601780632293087, -0.2955444141359948595, 0.1046591659059897816, -0.03486716748456938908, 0.01116748859345841928, -0.001614576664114765947, -9.610575381625250388e-05, 0.000269096110685840132, -0.0004036441660286926251, 0.0007688460305307137036, -0.0009418363873999878889, -0.003344480232808371475, 
0.04272456078729561235, -0.01368410684532454097, 0.001978425086070974368, 0.000117763397980405227, -0.0003297375143452343496, 0.0004946062715179399411, -0.0009421071838431683068, 0.001154081300207851143, 0.004098166249718298432, -0.04651654220226593417, 0.1719345610514112221, -0.5252012023130619989, 1.52541284671994104, 0.9168822639959346432, -0.36214600146937731, 0.1282443404006733123, -0.0427245607872977079, 0.01368410684532422178, -0.001978425086071375523, -0.0001177633979800213381, 0.0003297375143452394453, -0.0004946062715177155112, 0.0009421071838433281182, -0.001154081300208201341, -0.004098166249718616753, 
0.0505732332829221462, -0.01619793193901749792, 0.002341869677930438244, 0.0001393970046386791236, -0.0003903116129883530674, 0.0005854674194826758058, -0.001115176037109730711, 0.00136609064545907587, 0.004851015761427453395, -0.05506181683228773827, 0.2035196267725049857, -0.6216827612876815179, 1.805637280486052321, 1.085317198716020393, -0.4286736686649358363, 0.1518033380515447783, -0.05057323328292325643, 0.01619793193901798017, -0.002341869677930710162, -0.0001393970046386702603, 0.0003903116129884958568, -0.0005854674194825670603, 0.001115176037109628796, -0.0013660906454593003, -0.004851015761427582632, 
0.05842402447107798713, -0.01871243562166142321, 0.002705412379035267937, 0.0001610364511336398387, -0.0004509020631725287726, 0.0006763530947585688104, -0.001288291609064958626, 0.001578157221103952809, 0.005604068499432063657, -0.06360939819756494806, 0.2351132186542884417, -0.7181903647632809085, 2.08593735881693787, 1.2537976012318921, -0.4952192945244281441, 0.1753686952839152435, -0.05842402447108179658, 0.01871243562166457694, -0.002705412379035866417, -0.0001610364511333750223, 0.0004509020631722704072, -0.0006763530947586775558, 0.001288291609064795345, -0.00157815722110381685, -0.005604068499429548308, 
0.06627445661899422635, -0.02122682430850880014, 0.003068938454242722651, 0.0001826749079899084055, -0.000511489742373655667, 0.0007672346135605787477, -0.001461399263925041488, 0.001790214098308270853, 0.006357086798073251221, -0.07215658865629251406, 0.266705365666291272, -0.8146935546565153841, 2.366224618183967898, 1.422270298633293573, -0.5617618770527185168, 0.1989329748017706345, -0.06627445661899750151, 0.02122682430850934485, -0.003068938454242178815, -0.0001826749079908351545, 0.0005114897423738460529, -0.0007672346135606874932, 0.001461399263924715143, -0.001790214098307454883, -0.006357086798073141067, 
0.07412493195353940523, -0.0237412268274568572, 0.003432466529270928202, 0.000204313483885523549, -0.0005720777548782893717, 0.0008581166323175692034, -0.001634507871082143586, 0.002002272142074525575, 0.007110109239205452195, -0.08070382613463993049, 0.2982976864723465571, -0.9111972754310817546, 2.646513419461407945, 1.590743922833175006, -0.6283048256436771783, 0.2224973839509460927, -0.07412493195354079301, 0.02374122682745722843, -0.003432466529271468569, -0.0002043134838857448617, 0.0005720777548785061038, -0.0008581166323174067899, 0.001634507871081383127, -0.002002272142075070711, -0.007110109239204314216, 
0.0819752990931617298, -0.02625559469301312274, 0.003795989594169763785, 0.0002259517615575799972, -0.000632664932361714648, 0.0009489973985429331739, -0.001807614092461958585, 0.002214327263265620984, 0.007863121302208626873, -0.08925094581532164173, 0.3298895718743583005, -1.007699666195368104, 2.926798357810186602, 1.759215225136536054, -0.6948468571424720741, 0.2460614683364179822, -0.08197529909316625396, 0.02625559469301197435, -0.00379598959417084842, -0.0002259517615573580069, 0.0006326649323619424389, -0.0009489973985424979752, 0.001807614092461730902, -0.00221432726326680103, -0.007863121302209728422, 
0.08982626597835290105, -0.02877015464907655209, 0.004159540431192290839, 0.0002475916923318573389, -0.0006932567385320553398, 0.001039885107797960603, -0.001980733538661927275, 0.002426398584862683207, 0.008616190893180749114, -0.09779871847146529018, 0.3614838708059269767, -1.104209429465929704, 3.207104709125571329, 1.927699398164928413, -0.7613939722619013084, 0.269627352950443766, -0.08982626597835341453, 0.02877015464907321796, -0.004159540431190223916, -0.0002475916923328492212, 0.0006932567385320485094, -0.001039885107798409246, 0.001980733538662375701, -0.002426398584861622423, -0.008616190893183245381, 
0.09767498772069749258, -0.03128399551583489063, 0.004522987303494120474, 0.0002692254347317040298, -0.0007538312172491288968, 0.001130746825873829358, -0.002153803477854331766, 0.00263840926037135293, 0.009369045128665230704, -0.1063440467190608779, 0.3930691347084422915, -1.200691593816916036, 3.487330901168077535, 2.096135389734929078, -0.8279220568872557307, 0.2931864984229357041, -0.0976749877207027245, 0.03128399551583410654, -0.004522987303494038942, -0.0002692254347316408751, 0.0007538312172490745783, -0.001130746825873530119, 0.002153803477854277122, -0.002638409260371026369, -0.009369045128665612343, 
0.1677597743746126191, 0.1652836515767127645, 0.1663579041286422366, 0.1659817459053706257, 0.1660879051543928675, 0.166072774836760223, 0.1660011991708980339, 0.1663730344462736321, 0.1649239205554436372, 0.1695222402314359167, 0.1580123914608018154, 0.1808294662585921975, 0.1566688192550002579, -0.2014956274529847158, -0.1645427600638998678, -0.1635219885530742601, -0.1677597743746119807, -0.1652836515767129866, -0.1663579041286411819, -0.1659817459053704314, -0.166087905154392701, -0.1660727748367613055, -0.1660011991708982282, -0.1663730344462738542, -0.1649239205554426102, 
0.1679138577981595937, 0.1654354607394660781, 0.1665106999671989163, 0.166134196251411681, 0.1662404530052171703, 0.1662253087907429594, 0.1661536673843073963, 0.1665258441816742097, 0.165075399313681509, 0.1696779424385900237, 0.1581575221414332488, 0.1809955538880202996, 0.1568127158960482825, -0.2016806964674447977, -0.1646938887351462044, -0.1636721796695902176, -0.1679138577981610647, -0.1654354607394670496, -0.1665106999671988608, -0.1661341962514100434, -0.1662404530052179474, -0.1662253087907426263, -0.1661536673843075074, -0.1665258441816734325, -0.1650753993136801212, 
0.1679646904498000026, 0.1654855431046426129, 0.1665611078401212919, 0.1661844901451624557, 0.1662907790661327934, 0.1662756302670417852, 0.1662039671725656642, 0.1665762566392122446, 0.1651253726772666242, 0.1697293091325143832, 0.1582054012523875508, 0.1810503467684846379, 0.1568601878930780957, -0.2017417513721388167, -0.1647437466038356446, -0.163721728235757813, -0.1679646904497981708, -0.1654855431046411141, -0.1665611078401215972, -0.1661844901451625112, -0.1662907790661325991, -0.166275630267042035, -0.1662039671725652479, -0.1665762566392120503, -0.1651253726772688446, 
0.1679385999715583, 0.1654598377200773296, 0.1665352353847383282, 0.1661586761909782106, 0.1662649486017601375, 0.1662498021557796968, 0.1661781501929537053, 0.1665503818307171868, 0.1650997232390981617, 0.1697029445505618683, 0.1581808267149173719, 0.1810222236545148689, 0.1568358223117905237, -0.2017104141978787457, -0.1647181564448319258, -0.1636962968300441634, -0.1679385999715608813, -0.1654598377200780235, -0.1665352353847364408, -0.1661586761909783216, -0.1662649486017608036, -0.166249802155779447, -0.1661781501929533444, -0.1665503818307186024, -0.1650997232390963576, 
0.1679453135941370301, 0.1654664522500452206, 0.1665418929055004771, 0.1661653186581673602, 0.1662715953173624917, 0.1662564482658779319, 0.1661847934386469494, 0.1665570399569866744, 0.1651063233728951307, 0.1697097287057248716, 0.1581871502544104358, 0.181029460316533608, 0.156842092082523088, -0.2017184779044529086, -0.1647247413248648928, -0.1637028408595552209, -0.1679453135941387232, -0.1654664522500462476, -0.1665418929055008657, -0.1661653186581657227, -0.1662715953173628802, -0.1662564482658775988, -0.1661847934386477543, -0.166557039956984787, -0.1651063233728942425, 
0.1679460833506385697, 0.1654672106449937563, 0.1665426562295987956, 0.1661660802562830441, 0.1662723574025853635, 0.1662572102816757547, 0.166185555126024509, 0.1665578033505072386, 0.1651070801172374036, 0.169710506549204776, 0.1581878752855848946, 0.1810302900425975747, 0.1568428109487772504, -0.201719402456050273, -0.1647254963202753886, -0.1637035911712117764, -0.1679460833506410122, -0.1654672106449940061, -0.1665426562295976576, -0.1661660802562830441, -0.1662723574025855022, -0.1662572102816759489, -0.1661855551260235375, -0.1665578033505082656, -0.1651070801172361546, 
0.1679397693777676115, 0.1654609898659307188, 0.1665363950189016617, 0.1661598332030486957, 0.1662661063538358464, 0.166250959802386189, 0.1661793073406276633, 0.1665515415703515134, 0.1651008728773644407, 0.1697041262424233699, 0.1581819281748590156, 0.1810234841658687199, 0.1568369144060765275, -0.2017118187672400642, -0.1647193034261347222, -0.1636974366958392491, -0.1679397693777667788, -0.1654609898659289702, -0.1665363950189011621, -0.1661598332030486957, -0.1662661063538361794, -0.166250959802386078, -0.1661793073406277743, -0.1665515415703514024, -0.1651008728773666889, 
0.1679480069212695992, 0.1654691058238535739, 0.1665445637260756506, 0.1661679834396464772, 0.1662742618031935182, 0.1662591145087964351, 0.1661874585324425724, 0.1665597110204729558, 0.1651089711713421559, 0.1697124503286566166, 0.1581896870905681873, 0.1810323634732031728, 0.1568446073480701253, -0.2017217128494283584, -0.1647273830039096831, -0.1637054661504518949, -0.167948006921269849, -0.1654691058238543233, -0.1665445637260752065, -0.1661679834396457833, -0.1662742618031939901, -0.1662591145087966571, -0.1661874585324429054, -0.1665597110204725118, -0.1651089711713409069, 
0.1680215211294840694, 0.1655415349673826364, 0.1666174636190788927, 0.1662407184959116824, 0.1663470433796288006, 0.1663318894549575266, 0.1662602021133471886, 0.1666326175437497781, 0.1651812426767147179, 0.1697867368691088064, 0.1582589298866424743, 0.1811116049664835692, 0.1569132613757823203, -0.2018100104855307109, -0.1647994874804968868, -0.1637771233135545401, -0.1680215211294836253, -0.1655415349673814707, -0.1666174636190783653, -0.1662407184959119044, -0.1663470433796292725, -0.1663318894549576099, -0.1662602021133464947, -0.1666326175437501944, -0.1651812426767155506, 
0.1671886363838315515, 0.1647209435436198799, 0.1657915388037644877, 0.1654166612108050605, 0.1655224590407658181, 0.1655073802342853506, 0.1654360482477079397, 0.1658066176102450662, 0.164362437226268171, 0.1689451019273381649, 0.1574744384257865393, 0.1802138325143402553, 0.1561354404102856253, -0.2008096357828025869, -0.1639825743952464943, -0.1629652781000494877, -0.1671886363838335776, -0.1647209435436208236, -0.1657915388037641546, -0.1654166612108040058, -0.1655224590407662899, -0.1655073802342853784, -0.1654360482477084393, -0.1658066176102447886, -0.164362437226266811, 
0.1722584677377451412, 0.1697159445334387173, 0.1708190045443861438, 0.170432759156246616, 0.1705417652015933372, 0.170526229145101571, 0.1704527340860217954, 0.1708345406008777712, 0.1693465668637763877, 0.1740681963754234785, 0.1622496962581320423, 0.1856786401606710379, 0.1608700944416200374, -0.2068989909547709893, -0.1689551850651251907, -0.1679070402579392052, -0.1722584677377450579, -0.1697159445334388561, -0.1708190045443855609, -0.1704327591562461441, -0.1705417652015936147, -0.1705262291451017098, -0.1704527340860219342, -0.1708345406008778544, -0.1693465668637758048, 
0.153046560714414942, 0.1507876039440104177, 0.151767640183471747, 0.1514244725643538458, 0.1515213212160133605, 0.1515075178886974017, 0.1514422196994740788, 0.151781443510787456, 0.1504594227945496299, 0.1546544511563812674, 0.1441540628764368948, 0.1649699875305082331, 0.142928327410746181, -0.183823642441311802, -0.1501116916264010337, -0.14918044592349336, -0.1530465607144158302, -0.1507876039440102511, -0.1517676401834711086, -0.1514244725643531797, -0.1515213212160136103, -0.1515075178886975404, -0.1514422196994743008, -0.1517814435107874282, -0.1504594227945493246, 
0.1931264057657546274, 0.1902758732231614458, 0.1915125614281357191, 0.1910795250466179318, 0.1912017364305979572, 0.191184318286866578, 0.1911019198028441612, 0.1915299795718669318, 0.1898617479691242227, 0.1951553706799115107, 0.1819051399123317592, 0.2081723405104101143, 0.1803584087489265575, -0.2319633920144370254, -0.1894229529360064723, -0.1882478325370371963, -0.1931264057657554045, -0.1902758732231617511, -0.1915125614281349697, -0.1910795250466173489, -0.1912017364305985123, -0.1911843182868666613, -0.1911019198028443555, -0.191529979571866904, -0.1898617479691233068, 
-0.2272763413045948144, -0.223921758048713726, -0.2253771259433661189, -0.224867517099081593, -0.2250113387381092456, -0.2249908405987486315, -0.2248938718496882039, -0.225397624082726622, -0.2234344043271643543, -0.2296640817096241849, -0.2140708542669211567, -0.2449828014166350043, -0.2122506194916377875, 0.2729807498079229733, 0.2229180185470104603, 0.2215351053000564063, 0.2272763413045959524, 0.2239217580487141146, 0.225377125943365314, 0.2248675170990808714, 0.2250113387381097174, 0.2249908405987487425, 0.2248938718496883427, 0.2253976240827265942, 0.2234344043271632718, 
-0.1526979997047529236, -0.1504441876710152226, -0.1514219918941572263, -0.1510796058336135173, -0.1511762339140714784, -0.1511624620236052263, -0.151097312549927254, -0.1514357637846234783, -0.1501167539486923941, -0.1543022282028419234, -0.1438257543834620122, -0.1645942711135615355, -0.142602810510011474, 0.1834049871372639973, 0.1497698147325255413, 0.1488406899262969818, 0.1526979997047535342, 0.1504441876710154169, 0.1514219918941566989, 0.1510796058336128511, 0.1511762339140718114, 0.1511624620236051986, 0.1510973125499276704, 0.1514357637846233673, 0.1501167539486918112, 
-0.1702504758287328723, -0.1677375904476918478, -0.1688277922484958116, -0.1684460492666788045, -0.1685537846444064847, -0.1685384296894659739, -0.168465791351602695, -0.1688431472034358227, -0.1673725185598101683, -0.1720391087228488602, -0.1603583751428068471, -0.1835142112532537617, -0.15899485514405301, 0.2044871995039601875, 0.1669856990418720488, 0.1659497723062855479, 0.1702504758287334274, 0.1677375904476913759, 0.1688277922484948401, 0.168446049266678527, 0.168553784644406679, 0.1685384296894662237, 0.1684657913516023064, 0.1688431472034360725, 0.1673725185598103626, 
-0.1677597743746117032, -0.1652836515767122927, -0.166357904128638906, -0.1659817459053696265, -0.1660879051543915075, -0.1660727748367593348, -0.1660011991708962575, -0.1663730344462711064, -0.1649239205554448029, -0.1695222402314364163, -0.1580123914607954871, -0.1808294662585905876, -0.156668819255010916, 0.2014956274529972613, 0.1645427600638946775, 0.1635219885530699302, 0.1677597743746148118, 0.165283651576713736, 0.1663579041286383509, 0.1659817459053683775, 0.1660879051543919516, 0.166072774836759196, 0.1660011991708970625, 0.1663730344462708288, 0.1649239205554429155, 
-0.16791385779816137, -0.1654354607394677712, -0.1665106999672015808, -0.166134196251412819, -0.1662404530052200291, -0.1662253087907451798, -0.1661536673843098666, -0.1665258441816760138, -0.1650753993136797604, -0.1696779424385922719, -0.158157522141440493, -0.1809955538880214654, -0.1568127158960409273, 0.2016806964674364988, 0.1646938887351505065, 0.1636721796695976561, 0.1679138577981609814, 0.1654354607394665222, 0.1665106999672007759, 0.1661341962514132908, 0.1662404530052203622, 0.1662253087907454296, 0.1661536673843090339, 0.1665258441816763468, 0.1650753993136805375, 
-0.1679646904498020565, -0.1654855431046451386, -0.1665611078401244005, -0.1661844901451661471, -0.1662907790661355134, -0.1662756302670449493, -0.1662039671725680512, -0.166576256639215603, -0.1651253726772725361, -0.1697293091325166037, -0.1582054012523872455, -0.1810503467684901058, -0.1568601878930859228, 0.2017417513721468103, 0.1647437466038393084, 0.1637217282357572024, 0.1679646904498021676, 0.1654855431046464986, 0.1665611078401240952, 0.1661844901451650924, 0.1662907790661359297, 0.1662756302670449771, 0.1662039671725690226, 0.1665762566392151589, 0.1651253726772710928, 
-0.1679385999715612976, -0.1654598377200790782, -0.1665352353847381062, -0.166158676190978627, -0.1662649486017595823, -0.1662498021557791417, -0.1661781501929542604, -0.1665503818307183526, -0.1650997232390977176, -0.1697029445505634782, -0.1581808267149182601, -0.1810222236545154517, -0.1568358223117966022, 0.2017104141978882104, 0.1647181564448307045, 0.1636962968300467169, 0.1679385999715616584, 0.165459837720077968, 0.1665352353847376898, 0.1661586761909786547, 0.1662649486017599987, 0.1662498021557793082, 0.1661781501929539273, 0.1665503818307188799, 0.1650997232390987168, 
-0.167945313594132728, -0.1654664522500415569, -0.1665418929054978403, -0.1661653186581635855, -0.1662715953173600492, -0.1662564482658748788, -0.1661847934386443404, -0.1665570399569826221, -0.1651063233728914115, -0.1697097287057189874, -0.1581871502544098806, -0.1810294603165324423, -0.1568420920825108478, 0.201718477904437643, 0.1647247413248667525, 0.1637028408595516682, 0.167945313594134088, 0.1654664522500424728, 0.1665418929054976738, 0.1661653186581631414, 0.1662715953173598549, 0.1662564482658751286, 0.1661847934386442294, 0.1665570399569830939, 0.1651063233728907453, 
-0.1679460833506431217, -0.1654672106449981694, -0.1665426562296019874, -0.1661660802562868189, -0.1662723574025886109, -0.1662572102816789743, -0.1661855551260266739, -0.166557803350511624, -0.1651070801172414004, -0.1697105065492121034, -0.1581878752855861991, -0.1810302900425989348, -0.1568428109487933486, 0.2017194024560698407, 0.1647254963202732236, 0.1637035911712161618, 0.1679460833506465911, 0.1654672106449982527, 0.1665426562296019597, 0.1661660802562851258, 0.1662723574025888051, 0.1662572102816791964, 0.1661855551260277564, 0.1665578033505112354, 0.1651070801172405955, 
-0.1679397693777646694, -0.1654609898659284428, -0.1665363950189017173, -0.1661598332030490566, -0.1662661063538367345, -0.166250959802387438, -0.1661793073406279408, -0.166551541570349626, -0.1651008728773663004, -0.1697041262424211494, -0.1581819281748590156, -0.1810234841658691918, -0.1568369144060659526, 0.2017118187672275742, 0.1647193034261379418, 0.163697436695836529, 0.167939769377767889, 0.1654609898659289147, 0.1665363950188998299, 0.1661598332030492786, 0.1662661063538371231, 0.1662509598023869106, 0.1661793073406273302, 0.1665515415703520685, 0.1651008728773626644, 
-0.1679480069212694326, -0.1654691058238525192, -0.166544563726073569, -0.1661679834396443955, -0.1662742618031917696, -0.1662591145087944089, -0.1661874585324410181, -0.1665597110204709574, -0.1651089711713379093, -0.1697124503286559505, -0.1581896870905700192, -0.1810323634731994813, -0.1568446073480672942, 0.2017217128494248335, 0.1647273830039057974, 0.1637054661504538933, 0.1679480069212684334, 0.1654691058238508261, 0.1665445637260740408, 0.1661679834396438959, 0.1662742618031912145, 0.1662591145087949918, 0.1661874585324410736, 0.1665597110204705411, 0.1651089711713407127, 
-0.1680215211294819322, -0.1655415349673808878, -0.1666174636190777825, -0.1662407184959106832, -0.1663470433796263026, -0.1663318894549553617, -0.1662602021133438301, -0.1666326175437485568, -0.1651812426767158282, -0.1697867368691053924, -0.1582589298866355354, -0.1811116049664828476, -0.1569132613757856787, 0.2018100104855359567, 0.1647994874804933896, 0.1637771233135483229, 0.1680215211294826538, 0.1655415349673819425, 0.1666174636190763947, 0.1662407184959088791, 0.1663470433796273851, 0.166331889454955445, 0.166260202113345662, 0.1666326175437484736, 0.1651812426767138853, 
